Model,Equalized Odds Difference,F1 (Female),F1 (Male)
AdaBoost,0.02757437070938218,0.6303030303030303,0.6593939393939394
Logistic Regression,0.015245995423341041,0.6086956521739131,0.6412776412776413
Neural Network,0.015892857142857153,0.6187845303867403,0.6809470124013529
