age,accuracy,precision,recall,f1_score
25–45,0.6679542893932078,0.5297166551485832,0.6859060402684564,0.5977773445116007
<25,0.595773381294964,0.5313751668891856,0.8016112789526687,0.6391007627458852
>45,0.7343822304488663,0.4516728624535316,0.46551724137931033,0.45849056603773586
