sex_encoded,accuracy,precision,recall,f1_score
0,0.647364689198771,0.5242451967063129,0.7171464330413017,0.6057082452431289
1,0.7415730337078652,0.5017921146953405,0.5054151624548736,0.5035971223021583
