age,accuracy,precision,recall,f1_score
25–45,0.6698857234830194,0.5335276967930029,0.6550335570469799,0.5880698935529223
<25,0.5467625899280576,0.49561146869514333,0.8529707955689829,0.6269430051813472
>45,0.7482646922720962,0.46706586826347307,0.2988505747126437,0.3644859813084112
