age,accuracy,precision,recall,f1_score
25–45,0.7096410751649767,0.63596214511041,0.45100671140939597,0.5277486910994764
<25,0.6461330935251799,0.6395663956639567,0.47532729103726085,0.5453495089543616
>45,0.7737158722813512,0.5829145728643216,0.2222222222222222,0.3217753120665742
