Model,Sensitive Feature,Disparity in Precision,Disparity in F1
Random Forest,sex,0.022453082010972403,0.10211112294097069
Random Forest,age_group,0.07970230443565401,0.18061019670814937
XGBoost,sex,0.04094858226048492,0.1944197702147739
XGBoost,age_group,0.0566518227996351,0.2235741968877874
Logistic Regression,sex,0.026564686545462957,0.2108829042776978
Logistic Regression,age_group,0.06646182852952986,0.26245702387293596
