sex_encoded,accuracy,precision,recall,f1_score
0,0.6367289056960529,0.5136282394995532,0.7193366708385481,0.5993222106360793
1,0.7523408239700374,0.5401929260450161,0.30324909747292417,0.3884393063583815
