sex_encoded,accuracy,precision,recall,f1_score
0,0.6965256440557788,0.6364031277150304,0.45838548185231537,0.532921062204438
1,0.7602996254681648,0.5954545454545455,0.2364620938628159,0.3385012919896641
