Feature,Importance
priors_count,0.5969050098781642
age,0.307090096380968
c_charge_desc_encoded,0.05796087825169313
sex_encoded,0.038044015489174667
