Feature,Importance
priors_count,1.074276641605789
juv_fel_count,0.26017415270871225
juv_misd_count,0.24563574526935078
age,0.12721101429315856
sex,0.07516488162951175
c_charge_desc,0.0749791349705289
c_charge_degree,0.036844388498312244
