Feature,Importance
priors_count,1.0759404707635147
juv_fel_count,0.26922771170364873
juv_misd_count,0.23389116536370713
age,0.12091001874464812
c_charge_desc,0.09133737497921114
sex,0.09029485757118462
c_charge_degree,0.04544846135841145
