Feature,Importance
priors_count,0.362182237606908
age,0.3083271312567078
juv_misd_count,0.1624944040904565
juv_fel_count,0.057400331588020735
c_charge_desc,0.053929004825844104
c_charge_degree,0.028768569196252154
sex,0.026898321435810963
