Feature,Importance
priors_count,0.3034754249739924
juv_misd_count,0.03764806511910875
c_charge_desc,0.01692254832438912
juv_fel_count,0.008930002477411358
age,0.007505718946635087
sex,0.0045988220723782725
c_charge_degree,0.0034789409616328925
