Feature,Importance
priors_count,0.29332072068891557
juv_misd_count,0.04206535689795441
c_charge_desc,0.018167142828381576
juv_fel_count,0.009641207576458855
age,0.00932385791629844
sex,0.007243292609527041
c_charge_degree,0.00676901255840715
