Feature,Importance
priors_count,0.39796580588684716
age,0.3141490384722192
juv_misd_count,0.17228693717630147
c_charge_desc,0.044707589414074905
juv_fel_count,0.04035246014709706
sex,0.018118901236832033
c_charge_degree,0.0124192676666281
